1	AvGetSavedDataAddress	stdcall
2	AvSendTVEncoderOption	stdcall
3	AvSetDisplayMode	stdcall
4	AvSetSavedDataAddress	stdcall
5	DbgBreakPoint	stdcall
6	DbgBreakPointWithStatus	stdcall
7	DbgLoadImageSymbols	stdcall
8	DbgPrint	stdcall
9	HalReadSMCTrayState	stdcall
10	DbgPrompt	stdcall
11	DbgUnLoadImageSymbols	stdcall
12	ExAcquireReadWriteLockExclusive	stdcall
13	ExAcquireReadWriteLockShared	stdcall
14	ExAllocatePool	stdcall
15	ExAllocatePoolWithTag	stdcall
16	ExEventObjectType	?
17	ExFreePool	stdcall
18	ExInitializeReadWriteLock	stdcall
19	ExInterlockedAddLargeInteger	stdcall
20	ExInterlockedAddLargeStatistic	fastcall
21	ExInterlockedCompareExchange64	fastcall
22	ExMutantObjectType	?
23	ExQueryPoolBlockSize	stdcall
24	ExQueryNonVolatileSetting	stdcall
25	ExReadWriteRefurbInfo	stdcall
26	ExRaiseException	stdcall
27	ExRaiseStatus	stdcall
28	ExReleaseReadWriteLock	stdcall
29	ExSaveNonVolatileSetting	stdcall
30	ExSemaphoreObjectType	?
31	ExTimerObjectType	?
32	ExfInterlockedInsertHeadList	stdcall
33	ExfInterlockedInsertTailList	fastcall
34	ExfInterlockedRemoveHeadList	fastcall
35	FscGetCacheSize	stdcall
36	FscInvalidateIdleBlocks	stdcall
37	FscSetCacheSize	stdcall
38	HalClearSoftwareInterrupt	fastcall
39	HalDisableSystemInterrupt	stdcall
40	HalDiskCachePartitionCount	?
41	HalDiskModelNumber	?
42	HalDiskSerialNumber	?
43	HalEnableSystemInterrupt	stdcall
44	HalGetInterruptVector	stdcall
45	HalReadSMBusValue	stdcall
46	HalReadWritePCISpace	stdcall
47	HalRegisterShutdownNotification	stdcall
48	HalRequestSoftwareInterrupt	fastcall
49	HalReturnToFirmware	stdcall
50	HalWriteSMBusValue	stdcall
51	InterlockedCompareExchange	fastcall
52	InterlockedDecrement	fastcall
53	InterlockedIncrement	fastcall
54	InterlockedExchange	fastcall
55	InterlockedExchangeAdd	fastcall
56	InterlockedFlushSList	fastcall
57	InterlockedPopEntrySList	fastcall
58	InterlockedPushEntrySList	fastcall
59	IoAllocateIrp	stdcall
60	IoBuildAsynchronousFsdRequest	stdcall
61	IoBuildDeviceIoControlRequest	stdcall
62	IoBuildSynchronousFsdRequest	stdcall
63	IoCheckShareAccess	stdcall
64	IoCompletionObjectType	?
65	IoCreateDevice	stdcall
66	IoCreateFile	stdcall
67	IoCreateSymbolicLink	stdcall
68	IoDeleteDevice	stdcall
69	IoDeleteSymbolicLink	stdcall
70	IoDeviceObjectType	?
71	IoFileObjectType	?
72	IoFreeIrp	stdcall
73	IoInitializeIrp	stdcall
74	IoInvalidDeviceRequest	stdcall
75	IoQueryFileInformation	stdcall
76	IoQueryVolumeInformation	stdcall
77	IoQueueThreadIrp	stdcall
78	IoRemoveShareAccess	stdcall
79	IoSetIoCompletion	stdcall
80	IoSetShareAccess	stdcall
81	IoStartNextPacket	stdcall
82	IoStartNextPacketByKey	stdcall
83	IoStartPacket	stdcall
84	IoSynchronousDeviceIoControlRequest	stdcall
85	IoSynchronousFsdRequest	stdcall
86	IofCallDriver	fastcall
87	IofCompleteRequest	fastcall
88	KdDebuggerEnabled	?
89	KdDebuggerNotPresent	?
90	IoDismountVolume	stdcall
91	IoDismountVolumeByName	stdcall
92	KeAlertResumeThread	stdcall
93	KeAlertThread	stdcall
94	KeBoostPriorityThread	stdcall
95	KeBugCheck	stdcall
96	KeBugCheckEx	stdcall
97	KeCancelTimer	stdcall
98	KeConnectInterrupt	stdcall
99	KeDelayExecutionThread	stdcall
100	KeDisconnectInterrupt	stdcall
101	KeEnterCriticalRegion	stdcall
102	MmGlobalData	?
103	KeGetCurrentIrql	stdcall
104	KeGetCurrentThread	stdcall
105	KeInitializeApc	stdcall
106	KeInitializeDeviceQueue	stdcall
107	KeInitializeDpc	stdcall
108	KeInitializeEvent	stdcall
109	KeInitializeInterrupt	stdcall
110	KeInitializeMutant	stdcall
111	KeInitializeQueue	stdcall
112	KeInitializeSemaphore	stdcall
113	KeInitializeTimerEx	stdcall
114	KeInsertByKeyDeviceQueue	stdcall
115	KeInsertDeviceQueue	stdcall
116	KeInsertHeadQueue	stdcall
117	KeInsertQueue	stdcall
118	KeInsertQueueApc	stdcall
119	KeInsertQueueDpc	stdcall
120	KeInterruptTime	?
121	KeIsExecutingDpc	stdcall
122	KeLeaveCriticalRegion	stdcall
123	KePulseEvent	stdcall
124	KeQueryBasePriorityThread	stdcall
125	KeQueryInterruptTime	stdcall
126	KeQueryPerformanceCounter	stdcall
127	KeQueryPerformanceFrequency	stdcall
128	KeQuerySystemTime	stdcall
129	KeRaiseIrqlToDpcLevel	stdcall
130	KeRaiseIrqlToSynchLevel	stdcall
131	KeReleaseMutant	stdcall
132	KeReleaseSemaphore	stdcall
133	KeRemoveByKeyDeviceQueue	stdcall
134	KeRemoveDeviceQueue	stdcall
135	KeRemoveEntryDeviceQueue	stdcall
136	KeRemoveQueue	stdcall
137	KeRemoveQueueDpc	stdcall
138	KeResetEvent	stdcall
139	KeRestoreFloatingPointState	stdcall
140	KeResumeThread	stdcall
141	KeRundownQueue	stdcall
142	KeSaveFloatingPointState	stdcall
143	KeSetBasePriorityThread	stdcall
144	KeSetDisableBoostThread	stdcall
145	KeSetEvent	stdcall
146	KeSetEventBoostPriority	stdcall
147	KeSetPriorityProcess	stdcall
148	KeSetPriorityThread	stdcall
149	KeSetTimer	stdcall
150	KeSetTimerEx	stdcall
151	KeStallExecutionProcessor	stdcall
152	KeSuspendThread	stdcall
153	KeSynchronizeExecution	stdcall
154	KeSystemTime	?
155	KeTestAlertThread	stdcall
156	KeTickCount	?
157	KeTimeIncrement	?
158	KeWaitForMultipleObjects	stdcall
159	KeWaitForSingleObject	stdcall
160	KfRaiseIrql	fastcall
161	KfLowerIrql	fastcall
162	KiBugCheckData	?
163	KiUnlockDispatcherDatabase	fastcall
164	LaunchDataPage	?
165	MmAllocateContiguousMemory	stdcall
166	MmAllocateContiguousMemoryEx	stdcall
167	MmAllocateSystemMemory	stdcall
168	MmClaimGpuInstanceMemory	stdcall
169	MmCreateKernelStack	stdcall
170	MmDeleteKernelStack	stdcall
171	MmFreeContiguousMemory	stdcall
172	MmFreeSystemMemory	stdcall
173	MmGetPhysicalAddress	stdcall
174	MmIsAddressValid	stdcall
175	MmLockUnlockBufferPages	stdcall
176	MmLockUnlockPhysicalPage	stdcall
177	MmMapIoSpace	stdcall
178	MmPersistContiguousMemory	stdcall
179	MmQueryAddressProtect	stdcall
180	MmQueryAllocationSize	stdcall
181	MmQueryStatistics	stdcall
182	MmSetAddressProtect	stdcall
183	MmUnmapIoSpace	stdcall
184	NtAllocateVirtualMemory	stdcall
185	NtCancelTimer	stdcall
186	NtClearEvent	stdcall
187	NtClose	stdcall
188	NtCreateDirectoryObject	stdcall
189	NtCreateEvent	stdcall
190	NtCreateFile	stdcall
191	NtCreateIoCompletion	stdcall
192	NtCreateMutant	stdcall
193	NtCreateSemaphore	stdcall
194	NtCreateTimer	stdcall
195	NtDeleteFile	stdcall
196	NtDeviceIoControlFile	stdcall
197	NtDuplicateObject	stdcall
198	NtFlushBuffersFile	stdcall
199	NtFreeVirtualMemory	stdcall
200	NtFsControlFile	stdcall
201	NtOpenDirectoryObject	stdcall
202	NtOpenFile	stdcall
203	NtOpenSymbolicLinkObject	stdcall
204	NtProtectVirtualMemory	stdcall
205	NtPulseEvent	stdcall
206	NtQueueApcThread	stdcall
207	NtQueryDirectoryFile	stdcall
208	NtQueryDirectoryObject	stdcall
209	NtQueryEvent	stdcall
210	NtQueryFullAttributesFile	stdcall
211	NtQueryInformationFile	stdcall
212	NtQueryIoCompletion	stdcall
213	NtQueryMutant	stdcall
214	NtQuerySemaphore	stdcall
215	NtQuerySymbolicLinkObject	stdcall
216	NtQueryTimer	stdcall
217	NtQueryVirtualMemory	stdcall
218	NtQueryVolumeInformationFile	stdcall
219	NtReadFile	stdcall
220	NtReadFileScatter	stdcall
221	NtReleaseMutant	stdcall
222	NtReleaseSemaphore	stdcall
223	NtRemoveIoCompletion	stdcall
224	NtResumeThread	stdcall
225	NtSetEvent	stdcall
226	NtSetInformationFile	stdcall
227	NtSetIoCompletion	stdcall
228	NtSetSystemTime	stdcall
229	NtSetTimerEx	stdcall
230	NtSignalAndWaitForSingleObjectEx	stdcall
231	NtSuspendThread	stdcall
232	NtUserIoApcDispatcher	stdcall
233	NtWaitForSingleObject	stdcall
234	NtWaitForSingleObjectEx	stdcall
235	NtWaitForMultipleObjectsEx	stdcall
236	NtWriteFile	stdcall
237	NtWriteFileGather	stdcall
238	NtYieldExecution	stdcall
239	ObCreateObject	stdcall
240	ObDirectoryObjectType	?
241	ObInsertObject	stdcall
242	ObMakeTemporaryObject	stdcall
243	ObOpenObjectByName	stdcall
244	ObOpenObjectByPointer	stdcall
245	ObpObjectHandleTable	?
246	ObReferenceObjectByHandle	stdcall
247	ObReferenceObjectByName	stdcall
248	ObReferenceObjectByPointer	stdcall
249	ObSymbolicLinkObjectType	?
250	ObfDereferenceObject	fastcall
251	ObfReferenceObject	fastcall
252	PhyGetLinkState	stdcall
253	PhyInitialize	stdcall
254	PsCreateSystemThread	stdcall
255	PsCreateSystemThreadEx	stdcall
256	PsQueryStatistics	stdcall
257	PsSetCreateThreadNotifyRoutine	stdcall
258	PsTerminateSystemThread	stdcall
259	PsThreadObjectType	?
260	RtlAnsiStringToUnicodeString	stdcall
261	RtlAppendStringToString	stdcall
262	RtlAppendUnicodeStringToString	stdcall
263	RtlAppendUnicodeToString	stdcall
264	RtlAssert	stdcall
265	RtlCaptureContext	stdcall
266	RtlCaptureStackBackTrace	stdcall
267	RtlCharToInteger	stdcall
268	RtlCompareMemory	stdcall
269	RtlCompareMemoryUlong	stdcall
270	RtlCompareString	stdcall
271	RtlCompareUnicodeString	stdcall
272	RtlCopyString	stdcall
273	RtlCopyUnicodeString	stdcall
274	RtlCreateUnicodeString	stdcall
275	RtlDowncaseUnicodeChar	stdcall
276	RtlDowncaseUnicodeString	stdcall
277	RtlEnterCriticalSection	stdcall
278	RtlEnterCriticalSectionAndRegion	stdcall
279	RtlEqualString	stdcall
280	RtlEqualUnicodeString	stdcall
281	RtlExtendedIntegerMultiply	stdcall
282	RtlExtendedLargeIntegerDivide	stdcall
283	RtlExtendedMagicDivide	stdcall
284	RtlFillMemory	stdcall
285	RtlFillMemoryUlong	stdcall
286	RtlFreeAnsiString	stdcall
287	RtlFreeUnicodeString	stdcall
288	RtlGetCallersAddress	stdcall
289	RtlInitAnsiString	stdcall
290	RtlInitUnicodeString	stdcall
291	RtlInitializeCriticalSection	stdcall
292	RtlIntegerToChar	stdcall
293	RtlIntegerToUnicodeString	stdcall
294	RtlLeaveCriticalSection	stdcall
295	RtlLeaveCriticalSectionAndRegion	stdcall
296	RtlLowerChar	stdcall
297	RtlMapGenericMask	stdcall
298	RtlMoveMemory	stdcall
299	RtlMultiByteToUnicodeN	stdcall
300	RtlMultiByteToUnicodeSize	stdcall
301	RtlNtStatusToDosError	stdcall
302	RtlRaiseException	stdcall
303	RtlRaiseStatus	stdcall
304	RtlTimeFieldsToTime	stdcall
305	RtlTimeToTimeFields	stdcall
306	RtlTryEnterCriticalSection	stdcall
307	RtlUlongByteSwap	fastcall
308	RtlUnicodeStringToAnsiString	stdcall
309	RtlUnicodeStringToInteger	stdcall
310	RtlUnicodeToMultiByteN	stdcall
311	RtlUnicodeToMultiByteSize	stdcall
312	RtlUnwind	stdcall
313	RtlUpcaseUnicodeChar	stdcall
314	RtlUpcaseUnicodeString	stdcall
315	RtlUpcaseUnicodeToMultiByteN	stdcall
316	RtlUpperChar	stdcall
317	RtlUpperString	stdcall
318	RtlUshortByteSwap	fastcall
319	RtlWalkFrameChain	stdcall
320	RtlZeroMemory	stdcall
321	XboxEEPROMKey	?
322	XboxHardwareInfo	?
323	XboxHDKey	?
324	XboxKrnlVersion	?
325	XboxSignatureKey	?
326	XeImageFileName	?
327	XeLoadSection	stdcall
328	XeUnloadSection	stdcall
329	READ_PORT_BUFFER_UCHAR	stdcall
330	READ_PORT_BUFFER_USHORT	stdcall
331	READ_PORT_BUFFER_ULONG	stdcall
332	WRITE_PORT_BUFFER_UCHAR	stdcall
333	WRITE_PORT_BUFFER_USHORT	stdcall
334	WRITE_PORT_BUFFER_ULONG	stdcall
335	XcSHAInit	stdcall
336	XcSHAUpdate	stdcall
337	XcSHAFinal	stdcall
338	XcRC4Key	stdcall
339	XcRC4Crypt	stdcall
340	XcHMAC	stdcall
341	XcPKEncPublic	stdcall
342	XcPKDecPrivate	stdcall
343	XcPKGetKeyLen	stdcall
344	XcVerifyPKCS1Signature	stdcall
345	XcModExp	stdcall
346	XcDESKeyParity	stdcall
347	XcKeyTable	stdcall
348	XcBlockCrypt	stdcall
349	XcBlockCryptCBC	stdcall
350	XcCryptService	stdcall
351	XcUpdateCrypto	stdcall
352	RtlRip	stdcall
353	XboxLANKey	?
354	XboxAlternateSignatureKeys	?
355	XePublicKeyData	?
356	HalBootSMCVideoMode	?
357	IdexChannelObject	?
358	HalIsResetOrShutdownPending	stdcall
359	IoMarkIrpMustComplete	stdcall
360	HalInitiateShutdown	stdcall
361	RtlSnprintf	stdcall
362	RtlSprintf	stdcall
363	RtlVsnprintf	stdcall
364	RtlVsprintf	stdcall
365	HalEnableSecureTrayEject	stdcall
366	HalWriteSMCScratchRegister	stdcall
370	XProfpControl	?
371	XProfpGetData	?
372	IrtClientInitFast	?
373	IrtSweep	?
374	MmDbgAllocateMemory	stdcall
375	MmDbgFreeMemory	stdcall
376	MmDbgQueryAvailablePages	stdcall
377	MmDbgReleaseAddress	stdcall
378	MmDbgWriteCheck	stdcall
